id,fund_id,month,performance
1,1,012012,0.0116
2,1,022012,0.0015
3,1,032012,-0.0085
4,1,042012,0.0001
5,1,052012,0.0049
6,1,062012,0.0063
7,1,072012,0.006
8,1,082012,0.001
9,1,092012,0.0041
10,1,102012,0.0094
11,1,112012,-0.009
12,1,122012,-0.0098
13,1,012013,0.0066
14,1,022013,-0.0068
15,1,032013,-0.0007
16,1,042013,0.0019
17,1,052013,0.0021
18,1,062013,-0.0207
19,1,072013,-0.0117
20,1,082013,0.0069
21,1,092013,0.0215
22,1,102013,0.0105
23,1,112013,-0.0004
24,1,122013,0.0147
25,1,012014,0.0343
26,1,022014,0.0141
27,1,032014,0.0129
28,1,042014,0.0199
29,1,052014,0.0036
30,1,062014,0.0505
31,1,072014,0.0014
32,1,082014,0.0063
33,1,092014,0.0081
34,1,102014,0.0039
35,1,112014,-0.0008
36,1,122014,0.0109
37,1,012015,0.0116
38,1,022015,-0.0015
39,1,032015,0.008
40,1,042015,0.0215
41,1,052015,0.0078
42,1,062015,0.0078
43,1,072015,0.0103
44,1,082015,-0.0095
45,1,092015,-0.0045
46,1,102015,0.0084
47,1,112015,0.0028
48,1,122015,-0.0002
49,1,012016,0.0102
50,1,022016,0.0091
51,1,032016,-0.0047
52,1,042016,0.0028
53,1,052016,0.0032
54,1,062016,-0.0029
55,1,072016,0.0192
56,1,082016,-0.0189
57,1,092016,0.00625
58,1,102016,0.0188
59,1,112016,0.0121
60,1,122016,-0.0076
61,2,012012,-0.059166667
62,2,022012,0.02225
63,2,032012,0.00825
64,2,042012,0.024166667
65,2,052012,0.040416667
66,2,062012,0.03925
67,2,072012,-0.048333333
68,2,082012,0.042
69,2,092012,-0.054583333
70,2,102012,-0.01775
71,2,112012,0.035083333
72,2,122012,0.03225
73,2,012013,0.073083333
74,2,022013,0.054833333
75,2,032013,0.025583333
76,2,042013,-0.058333333
77,2,052013,-0.044
78,2,062013,0.06975
79,2,072013,0.024583333
80,2,082013,-0.054333333
81,2,092013,-0.003833333
82,2,102013,0.0375
83,2,112013,0.05075
84,2,122013,0.067583333
85,2,012014,0.038666667
86,2,022014,0.005833333
87,2,032014,-0.01475
88,2,042014,-0.017083333
89,2,052014,0.0155
90,2,062014,0.069416667
91,2,072014,0.020416667
92,2,082014,-0.0205
93,2,092014,-0.025083333
94,2,102014,-0.047083333
95,2,112014,-0.027416667
96,2,122014,-0.060416667
97,2,012015,-0.010833333
98,2,022015,-0.003416667
99,2,032015,0.04425
100,2,042015,0.048916667
101,2,052015,-0.0475
102,2,062015,-0.006416667
103,2,072015,-0.008333333
104,2,082015,-0.0095
105,2,092015,0.060333333
106,2,102015,0.04525
107,2,112015,0.026916667
108,2,122015,-0.016
109,2,012016,0.037083333
110,2,022016,0.02325
111,2,032016,0.0325
112,2,042016,0.010083333
113,2,052016,0.016916667
114,2,062016,0.064
115,2,072016,0.044583333
116,2,082016,0.009
117,2,092016,-0.006416667
118,2,102016,0.025
119,2,112016,0.029166667
120,2,122016,0.01525
121,3,012012,-0.047166667
122,3,022012,-0.0065
123,3,032012,-0.063666667
124,3,042012,-0.017083333
125,3,052012,-0.00575
126,3,062012,-0.05125
127,3,072012,0.017833333
128,3,082012,-0.004833333
129,3,092012,-0.034333333
130,3,102012,-0.041916667
131,3,112012,-0.014166667
132,3,122012,-0.02975
133,3,012013,0.008416667
134,3,022013,0.005583333
135,3,032013,-0.010583333
136,3,042013,-0.024583333
137,3,052013,0.030083333
138,3,062013,0.024
139,3,072013,0.050666667
140,3,082013,0.008583333
141,3,092013,-0.007583333
142,3,102013,-0.01
143,3,112013,0.019666667
144,3,122013,-0.056083333
145,3,012014,0.054666667
146,3,022014,0.007083333
147,3,032014,0.016
148,3,042014,0.05175
149,3,052014,0.0565
150,3,062014,-0.028916667
151,3,072014,-0.001583333
152,3,082014,0.070833333
153,3,092014,0.040416667
154,3,102014,-0.001
155,3,112014,-0.043833333
156,3,122014,0.03775
157,3,012015,0.036833333
158,3,022015,0.011666667
159,3,032015,0.05475
160,3,042015,0.052416667
161,3,052015,0.003166667
162,3,062015,-0.046916667
163,3,072015,0.051916667
164,3,082015,0.030583333
165,3,092015,-0.008666667
166,3,102015,0.070916667
167,3,112015,0.043666667
168,3,122015,-0.047333333
169,3,012016,0.032916667
170,3,022016,0.025583333
171,3,032016,0.023833333
172,3,042016,-0.000166667
173,3,052016,0.016
174,3,062016,0.047166667
175,3,072016,0.034583333
176,3,082016,0.017083333
177,3,092016,0.047166667
178,3,102016,0.045916667
179,3,112016,-0.003166667
180,3,122016,-0.029916667
181,4,012012,-0.041333333
182,4,022012,-0.047
183,4,032012,-0.029
184,4,042012,-0.023916667
185,4,052012,0.053416667
186,4,062012,0.064416667
187,4,072012,-0.058833333
188,4,082012,0.04075
189,4,092012,0.010583333
190,4,102012,-0.029916667
191,4,112012,0.05225
192,4,122012,-0.037583333
193,4,012013,0.025833333
194,4,022013,0.048833333
195,4,032013,-0.018333333
196,4,042013,0.072666667
197,4,052013,0.074416667
198,4,062013,-0.04325
199,4,072013,0.040916667
200,4,082013,-0.023916667
201,4,092013,-0.063166667
202,4,102013,0.005833333
203,4,112013,-0.005416667
204,4,122013,0.012333333
205,4,012014,-0.024333333
206,4,022014,0.042333333
207,4,032014,-0.009333333
208,4,042014,0.053333333
209,4,052014,0.010416667
210,4,062014,0.016333333
211,4,072014,0.03775
212,4,082014,0.07
213,4,092014,-0.034833333
214,4,102014,-0.033583333
215,4,112014,0.010083333
216,4,122014,-0.049833333
217,4,012015,0.0265
218,4,022015,-0.002
219,4,032015,-0.017583333
220,4,042015,-0.033833333
221,4,052015,-0.0415
222,4,062015,0.072333333
223,4,072015,-0.016166667
224,4,082015,0.016583333
225,4,092015,-0.059666667
226,4,102015,0.04875
227,4,112015,0.040833333
228,4,122015,-0.0115
229,4,012016,0.004
230,4,022016,0.057166667
231,4,032016,-0.009083333
232,4,042016,0.008166667
233,4,052016,-0.03325
234,4,062016,0.039833333
235,4,072016,-0.038
236,4,082016,-0.017
237,4,092016,-0.06575
238,4,102016,-0.008166667
239,4,112016,0.04325
240,4,122016,0.03975
241,5,012012,-0.016
242,5,022012,-0.031083333
243,5,032012,0.031666667
244,5,042012,-0.023666667
245,5,052012,-0.041583333
246,5,062012,0.00475
247,5,072012,-0.018666667
248,5,082012,-0.022666667
249,5,092012,-0.019833333
250,5,102012,-0.008083333
251,5,112012,-0.02225
252,5,122012,-0.006583333
253,5,012013,-0.024
254,5,022013,0.02525
255,5,032013,0.054333333
256,5,042013,0.019583333
257,5,052013,0.022833333
258,5,062013,-0.0165
259,5,072013,0.035166667
260,5,082013,-0.010416667
261,5,092013,0.006166667
262,5,102013,-0.02
263,5,112013,-0.025
264,5,122013,-0.014333333
265,5,012014,0.039583333
266,5,022014,0.017583333
267,5,032014,0.044916667
268,5,042014,0.058166667
269,5,052014,0.01475
270,5,062014,0.021
271,5,072014,0.052583333
272,5,082014,0.009583333
273,5,092014,-0.02925
274,5,102014,0.011416667
275,5,112014,0.018416667
276,5,122014,0.016
277,5,012015,0.057
278,5,022015,0.047416667
279,5,032015,0.061583333
280,5,042015,-0.022916667
281,5,052015,-0.002
282,5,062015,0.054916667
283,5,072015,0.0195
284,5,082015,-0.00425
285,5,092015,0.0085
286,5,102015,-0.03025
287,5,112015,0.002666667
288,5,122015,0.040583333
289,5,012016,-0.00975
290,5,022016,0.005833333
291,5,032016,0.04025
292,5,042016,-0.001416667
293,5,052016,0.028083333
294,5,062016,0.031416667
295,5,072016,0.036916667
296,5,082016,0.043333333
297,5,092016,-0.024833333
298,5,102016,0.0465
299,5,112016,0.061583333
300,5,122016,0.03175
301,6,012012,0.0638
302,6,022012,0.0696
303,6,032012,-0.0323
304,6,042012,-0.0497
305,6,052012,-0.0222
306,6,062012,0.0343
307,6,072012,0.0288
308,6,082012,-0.082
309,6,092012,-0.0055
310,6,102012,-0.0433
311,6,112012,0.0264
312,6,122012,-0.032
313,6,012013,0.0428
314,6,022013,0.0502
315,6,032013,-0.0265
316,6,042013,-0.0335
317,6,052013,-0.0061
318,6,062013,-0.088
319,6,072013,-0.1534
320,6,082013,-0.0373
321,6,092013,0.0491
322,6,102013,-0.0462
323,6,112013,-0.0782
324,6,122013,0.0417
325,6,012014,0.0705
326,6,022014,0.0183
327,6,032014,-0.0105
328,6,042014,0.0591
329,6,052014,-0.005
330,6,062014,0.0368
331,6,072014,-0.0415
332,6,082014,0.0196
333,6,092014,0.0215
334,6,102014,-0.0479
335,6,112014,0.0464
336,6,122014,0.0709
337,6,012015,0.0412
338,6,022015,-0.0424
339,6,032015,-0.0573
340,6,042015,0.0344
341,6,052015,-0.0508
342,6,062015,0.1117
343,6,072015,0.0163
344,6,082015,0.0164
345,6,092015,0.0743
346,6,102015,0.0214
347,6,112015,0.0543
348,6,122015,0.041
349,6,012016,0.0122
350,6,022016,-0.0068
351,6,032016,0.0038
352,6,042016,-0.0532
353,6,052016,-0.0697
354,6,062016,-0.1326
355,6,072016,0.0932
356,6,082016,0.0019
357,6,092016,0.01105
358,6,102016,0.0429
359,6,112016,0.0147
360,6,122016,0.0076
361,7,012012,0.02725
362,7,022012,0.031916667
363,7,032012,0.032416667
364,7,042012,0.032333333
365,7,052012,0.040833333
366,7,062012,0.016166667
367,7,072012,0.014083333
368,7,082012,0.0335
369,7,092012,0.029666667
370,7,102012,0.031166667
371,7,112012,0.01675
372,7,122012,0.032833333
373,7,012013,0.027416667
374,7,022013,-0.016666667
375,7,032013,0.008083333
376,7,042013,-0.009416667
377,7,052013,0.0205
378,7,062013,0.03175
379,7,072013,-0.008416667
380,7,082013,0.025666667
381,7,092013,0.035333333
382,7,102013,-0.011916667
383,7,112013,-0.00225
384,7,122013,0.011833333
385,7,012014,0.031
386,7,022014,-0.011416667
387,7,032014,0.028
388,7,042014,0.037666667
389,7,052014,-0.0085
390,7,062014,0.0405
391,7,072014,0.00725
392,7,082014,-0.0055
393,7,092014,0.007083333
394,7,102014,0.020833333
395,7,112014,-0.002333333
396,7,122014,0.006083333
397,7,012015,0.011416667
398,7,022015,0.0385
399,7,032015,0.0025
400,7,042015,0.031583333
401,7,052015,-0.01475
402,7,062015,-0.003166667
403,7,072015,-0.001833333
404,7,082015,0.017666667
405,7,092015,0.0245
406,7,102015,-0.000833333
407,7,112015,0.034166667
408,7,122015,0.018
409,7,012016,-0.000833333
410,7,022016,0.011583333
411,7,032016,0.012416667
412,7,042016,0.0165
413,7,052016,0.01925
414,7,062016,0.006583333
415,7,072016,0.02275
416,7,082016,0.0185
417,7,092016,0.029916667
418,7,102016,-0.006333333
419,7,112016,0.02375
420,7,122016,0.004916667
421,8,012012,0.019416667
422,8,022012,0.011916667
423,8,032012,0.012166667
424,8,042012,0.01275
425,8,052012,0.032166667
426,8,062012,0.012166667
427,8,072012,0.012916667
428,8,082012,0.020833333
429,8,092012,-0.013166667
430,8,102012,0.00475
431,8,112012,0.016166667
432,8,122012,-0.014666667
433,8,012013,0.007833333
434,8,022013,0.024083333
435,8,032013,0.023666667
436,8,042013,0.01025
437,8,052013,0.032583333
438,8,062013,0.003
439,8,072013,0.003166667
440,8,082013,0.00375
441,8,092013,0.0115
442,8,102013,0.029
443,8,112013,0.016166667
444,8,122013,0.028833333
445,8,012014,-0.00325
446,8,022014,-0.01275
447,8,032014,-0.006916667
448,8,042014,0.012916667
449,8,052014,-0.01475
450,8,062014,-0.016
451,8,072014,0.003916667
452,8,082014,-0.01525
453,8,092014,-0.00175
454,8,102014,0.00125
455,8,112014,0.022833333
456,8,122014,0.01875
457,8,012015,0.018333333
458,8,022015,0.02575
459,8,032015,-0.0155
460,8,042015,-0.010416667
461,8,052015,-0.006666667
462,8,062015,0.025416667
463,8,072015,0.02775
464,8,082015,-0.003916667
465,8,092015,0.018083333
466,8,102015,-0.014833333
467,8,112015,-0.016166667
468,8,122015,-0.00125
469,8,012016,0.01325
470,8,022016,-0.012666667
471,8,032016,0.00275
472,8,042016,0.018083333
473,8,052016,-0.000916667
474,8,062016,0.012333333
475,8,072016,0.010666667
476,8,082016,0.033083333
477,8,092016,-0.002666667
478,8,102016,-0.007666667
479,8,112016,0.016333333
480,8,122016,0.002416667
481,9,012012,-0.00225
482,9,022012,-8.33333E-05
483,9,032012,0.0045
484,9,042012,0.003083333
485,9,052012,-8.33333E-05
486,9,062012,0.000916667
487,9,072012,-0.001833333
488,9,082012,0.0005
489,9,092012,-0.001916667
490,9,102012,-0.000833333
491,9,112012,-0.0035
492,9,122012,0.002916667
493,9,012013,0.003333333
494,9,022013,0.005666667
495,9,032013,0.002333333
496,9,042013,-0.00125
497,9,052013,-0.0015
498,9,062013,0.0025
499,9,072013,0.0035
500,9,082013,0.002583333
501,9,092013,-0.003333333
502,9,102013,0.000916667
503,9,112013,0.006166667
504,9,122013,-0.000833333
505,9,012014,-0.003916667
506,9,022014,0.0045
507,9,032014,0.004
508,9,042014,-0.000333333
509,9,052014,-0.00125
510,9,062014,-0.002
511,9,072014,-0.002333333
512,9,082014,0.00425
513,9,092014,-0.0035
514,9,102014,-0.000416667
515,9,112014,-0.002333333
516,9,122014,0.002666667
517,9,012015,0.00375
518,9,022015,0.001833333
519,9,032015,-0.00125
520,9,042015,-8.33333E-05
521,9,052015,-0.004083333
522,9,062015,0.004666667
523,9,072015,0.001833333
524,9,082015,0.001083333
525,9,092015,0.005333333
526,9,102015,0.003833333
527,9,112015,0.002416667
528,9,122015,0.000916667
529,9,012016,0.002083333
530,9,022016,-0.001416667
531,9,032016,-0.0025
532,9,042016,0.006083333
533,9,052016,-0.001416667
534,9,062016,-0.0025
535,9,072016,-0.001
536,9,082016,-0.000166667
537,9,092016,-0.001833333
538,9,102016,-0.000416667
539,9,112016,0.000333333
540,9,122016,0.002916667
541,10,012012,-0.007583333
542,10,022012,-0.000416667
543,10,032012,0.01575
544,10,042012,-0.0075
545,10,052012,-0.010833333
546,10,062012,-0.010916667
547,10,072012,0.002583333
548,10,082012,0.01825
549,10,092012,0.016333333
550,10,102012,0.004666667
551,10,112012,0.015583333
552,10,122012,-0.0085
553,10,012013,0.010166667
554,10,022013,-0.011833333
555,10,032013,-0.002083333
556,10,042013,0.017083333
557,10,052013,0.019416667
558,10,062013,-0.011
559,10,072013,-0.001
560,10,082013,0.003333333
561,10,092013,0.015583333
562,10,102013,-0.0115
563,10,112013,0.014333333
564,10,122013,-0.00025
565,10,012014,0.01475
566,10,022014,0.004583333
567,10,032014,0.015
568,10,042014,0.020833333
569,10,052014,-0.008416667
570,10,062014,-0.0085
571,10,072014,0.000583333
572,10,082014,0.016166667
573,10,092014,0.017166667
574,10,102014,-0.00525
575,10,112014,0.005583333
576,10,122014,0.01575
577,10,012015,0.00825
578,10,022015,-0.002083333
579,10,032015,-0.005833333
580,10,042015,0.005166667
581,10,052015,-0.00975
582,10,062015,-0.0005
583,10,072015,0.007916667
584,10,082015,0.019166667
585,10,092015,0.0015
586,10,102015,0.019333333
587,10,112015,0.00825
588,10,122015,-0.010416667
589,10,012016,0.02
590,10,022016,0.011833333
591,10,032016,-0.007666667
592,10,042016,0.01625
593,10,052016,0.018833333
594,10,062016,-0.012166667
595,10,072016,0.008833333
596,10,082016,-0.003166667
597,10,092016,0.010916667
598,10,102016,-8.33333E-05
599,10,112016,-0.008833333
600,10,122016,0.001083333
601,11,012012,-0.00975
602,11,022012,0.064833333
603,11,032012,-0.001166667
604,11,042012,-0.034583333
605,11,052012,-0.01175
606,11,062012,0.054166667
607,11,072012,0.072583333
608,11,082012,-0.04225
609,11,092012,-0.034416667
610,11,102012,-0.053916667
611,11,112012,0.02025
612,11,122012,0.024166667
613,11,012013,0.062
614,11,022013,-0.048
615,11,032013,0.051666667
616,11,042013,-0.041916667
617,11,052013,0.148833333
618,11,062013,0.164416667
619,11,072013,0.032916667
620,11,082013,-0.059833333
621,11,092013,-8.33333E-05
622,11,102013,-0.001166667
623,11,112013,0.14325
624,11,122013,0.118833333
625,11,012014,0.01125
626,11,022014,0.002333333
627,11,032014,0.03925
628,11,042014,0.071333333
629,11,052014,0.156166667
630,11,062014,0.04775
631,11,072014,0.108166667
632,11,082014,-0.011166667
633,11,092014,0.131916667
634,11,102014,0.06725
635,11,112014,0.006583333
636,11,122014,0.158
637,11,012015,0.117583333
638,11,022015,0.055583333
639,11,032015,0.153166667
640,11,042015,-0.013666667
641,11,052015,-0.035333333
642,11,062015,-0.00125
643,11,072015,0.027333333
644,11,082015,0.087166667
645,11,092015,0.015333333
646,11,102015,-0.056166667
647,11,112015,-0.032833333
648,11,122015,0.133
649,11,012016,-0.02775
650,11,022016,0.05975
651,11,032016,-0.02225
652,11,042016,-0.018416667
653,11,052016,-0.057416667
654,11,062016,0.09325
655,11,072016,-0.057833333
656,11,082016,0.022416667
657,11,092016,0.061333333
658,11,102016,0.108666667
659,11,112016,0.112083333
660,11,122016,0.00625
661,12,012012,0.028833333
662,12,022012,0.00475
663,12,032012,0.025083333
664,12,042012,-0.006416667
665,12,052012,0.023583333
666,12,062012,-0.006166667
667,12,072012,0.040583333
668,12,082012,0.004
669,12,092012,-0.017
670,12,102012,0.019333333
671,12,112012,0.063333333
672,12,122012,0.015833333
673,12,012013,-0.013833333
674,12,022013,0.0285
675,12,032013,-0.013
676,12,042013,0.02975
677,12,052013,0.005
678,12,062013,-0.00525
679,12,072013,0.06275
680,12,082013,0.026666667
681,12,092013,0.068666667
682,12,102013,0.03975
683,12,112013,0.049916667
684,12,122013,0.002833333
685,12,012014,0.0085
686,12,022014,0.076
687,12,032014,0.048416667
688,12,042014,0.02475
689,12,052014,0.01775
690,12,062014,-0.013083333
691,12,072014,0.041666667
692,12,082014,0.043
693,12,092014,-0.017166667
694,12,102014,0.03325
695,12,112014,0.0325
696,12,122014,0.077333333
697,12,012015,0.042916667
698,12,022015,-0.000833333
699,12,032015,0.030833333
700,12,042015,-0.003333333
701,12,052015,0.05275
702,12,062015,0.045666667
703,12,072015,0.061583333
704,12,082015,0.077083333
705,12,092015,0.031083333
706,12,102015,0.076
707,12,112015,0.000583333
708,12,122015,0.05425
709,12,012016,0.027333333
710,12,022016,-0.013083333
711,12,032016,0.020666667
712,12,042016,-0.020166667
713,12,052016,0.03575
714,12,062016,-0.006333333
715,12,072016,-0.005583333
716,12,082016,0.002
717,12,092016,-0.012916667
718,12,102016,0.035
719,12,112016,-0.011333333
720,12,122016,-0.00775
721,13,012012,0.025666667
722,13,022012,0.0055
723,13,032012,0.033666667
724,13,042012,-0.017083333
725,13,052012,0.039833333
726,13,062012,0.0185
727,13,072012,0.030666667
728,13,082012,-0.031
729,13,092012,0.011416667
730,13,102012,-0.0075
731,13,112012,-0.012333333
732,13,122012,0.017916667
733,13,012013,0.01775
734,13,022013,0.014416667
735,13,032013,0.031666667
736,13,042013,-0.038916667
737,13,052013,-0.010333333
738,13,062013,0.0415
739,13,072013,0.045333333
740,13,082013,0.049
741,13,092013,0.026916667
742,13,102013,0.025916667
743,13,112013,0.032583333
744,13,122013,-0.021583333
745,13,012014,-0.032166667
746,13,022014,0.009583333
747,13,032014,0.031
748,13,042014,0.014916667
749,13,052014,-0.000666667
750,13,062014,0.007916667
751,13,072014,0.041583333
752,13,082014,0.007416667
753,13,092014,0.01425
754,13,102014,0.019583333
755,13,112014,-0.04
756,13,122014,-0.031083333
757,13,012015,0.017
758,13,022015,0.025916667
759,13,032015,0.021
760,13,042015,0.0395
761,13,052015,-0.029833333
762,13,062015,-0.02575
763,13,072015,-0.030916667
764,13,082015,0.003416667
765,13,092015,0.00875
766,13,102015,0.047416667
767,13,112015,0.038416667
768,13,122015,-0.001166667
769,13,012016,0.018666667
770,13,022016,-0.024916667
771,13,032016,0.016666667
772,13,042016,0.011
773,13,052016,-0.025083333
774,13,062016,0.042
775,13,072016,0.030083333
776,13,082016,0.023833333
777,13,092016,-0.02475
778,13,102016,0.038916667
779,13,112016,-0.027083333
780,13,122016,-0.01275
781,14,012012,0.045916667
782,14,022012,0.076333333
783,14,032012,0.123666667
784,14,042012,-0.071583333
785,14,052012,0.161666667
786,14,062012,0.059666667
787,14,072012,0.12275
788,14,082012,0.04375
789,14,092012,-0.04525
790,14,102012,0.134083333
791,14,112012,0.11475
792,14,122012,0.0775
793,14,012013,-0.029083333
794,14,022013,0.09025
795,14,032013,-0.069833333
796,14,042013,0.180083333
797,14,052013,0.128583333
798,14,062013,-0.022666667
799,14,072013,-0.0165
800,14,082013,0.104416667
801,14,092013,-0.071
802,14,102013,-0.05475
803,14,112013,0.082416667
804,14,122013,0.09875
805,14,012014,0.010916667
806,14,022014,0.042333333
807,14,032014,0.164333333
808,14,042014,0.104666667
809,14,052014,0.023666667
810,14,062014,-0.044916667
811,14,072014,-0.070333333
812,14,082014,-0.01775
813,14,092014,0.045166667
814,14,102014,0.14575
815,14,112014,0.1305
816,14,122014,-0.020416667
817,14,012015,-0.04475
818,14,022015,0.160416667
819,14,032015,0.176166667
820,14,042015,-0.00725
821,14,052015,-0.00425
822,14,062015,-0.040166667
823,14,072015,-0.045
824,14,082015,-0.034916667
825,14,092015,0.1295
826,14,102015,0.012666667
827,14,112015,-0.00975
828,14,122015,0.086416667
829,14,012016,-0.060666667
830,14,022016,-0.047083333
831,14,032016,0.001083333
832,14,042016,-0.037083333
833,14,052016,0.168666667
834,14,062016,-0.019416667
835,14,072016,-0.02925
836,14,082016,0.021166667
837,14,092016,0.0375
838,14,102016,-0.0165
839,14,112016,0.133916667
840,14,122016,0.0645
841,15,012012,0.0767
842,15,022012,0.1067
843,15,032012,-0.013
844,15,042012,-0.0554
845,15,052012,-0.0433
846,15,062012,0.0199
847,15,072012,0.0541
848,15,082012,-0.0397
849,15,092012,0.0018
850,15,102012,-0.0434
851,15,112012,0.0294
852,15,122012,-0.019
853,15,012013,0.0299
854,15,022013,0.0438
855,15,032013,-0.0166
856,15,042013,-0.0296
857,15,052013,-0.0182
858,15,062013,-0.1097
859,15,072013,-0.1309
860,15,082013,-0.0485
861,15,092013,0.0471
862,15,102013,-0.0251
863,15,112013,-0.0725
864,15,122013,0.0344
865,15,012014,0.1136
866,15,022014,0.0728
867,15,032014,-0.0054
868,15,042014,0.0423
869,15,052014,0.0211
870,15,062014,0.047
871,15,072014,-0.0148
872,15,082014,0.0171
873,15,092014,0.0166
874,15,102014,-0.0177
875,15,112014,0.0832
876,15,122014,0.0516
877,15,012015,0.0138
878,15,022015,-0.0776
879,15,032015,-0.105
880,15,042015,0.111
881,15,052015,-0.0397
882,15,062015,0.0877
883,15,072015,0.025
884,15,082015,0.0519
885,15,092015,0.091
886,15,102015,0.0371
887,15,112015,0.0314
888,15,122015,0.0473
889,15,012016,0.0173
890,15,022016,-0.0312
891,15,032016,-0.0347
892,15,042016,-0.0309
893,15,052016,-0.0717
894,15,062016,-0.1631
895,15,072016,0.1053
896,15,082016,-0.0297
897,15,092016,-0.0058
898,15,102016,0.1029
899,15,112016,0.0287
900,15,122016,0.0125
901,16,012012,0.0669
902,16,022012,0.0322
903,16,032012,-0.0132
904,16,042012,-0.0184
905,16,052012,-0.0249
906,16,062012,0.0397
907,16,072012,0.0506
908,16,082012,-0.0901
909,16,092012,-0.0044
910,16,102012,-0.0191
911,16,112012,0.0069
912,16,122012,-0.0096
913,16,012013,0.0366
914,16,022013,0.0293
915,16,032013,-0.0268
916,16,042013,-0.0271
917,16,052013,0.0037
918,16,062013,-0.0727
919,16,072013,-0.099
920,16,082013,-0.0595
921,16,092013,0.0334
922,16,102013,-0.0377
923,16,112013,-0.067
924,16,122013,0.0246
925,16,012014,0.087
926,16,022014,0.0263
927,16,032014,-0.0046
928,16,042014,0.0568
929,16,052014,0.032
930,16,062014,0.0223
931,16,072014,-0.0305
932,16,082014,0.0114
933,16,092014,0.0195
934,16,102014,-0.0059
935,16,112014,0.0428
936,16,122014,0.0818
937,16,012015,0.0531
938,16,022015,-0.0737
939,16,032015,-0.1019
940,16,042015,0.0835
941,16,052015,-0.0598
942,16,062015,0.1173
943,16,072015,0.0528
944,16,082015,0.0508
945,16,092015,0.0789
946,16,102015,0.022
947,16,112015,0.0363
948,16,122015,-0.0113
949,16,012016,0.0166
950,16,022016,-0.0245
951,16,032016,-0.0076
952,16,042016,-0.031
953,16,052016,-0.0844
954,16,062016,-0.0974
955,16,072016,0.0955
956,16,082016,-0.0259
957,16,092016,-0.007
958,16,102016,0.0489
959,16,112016,0.0255
960,16,122016,0.0019
961,17,012012,0.048083333
962,17,022012,0.021166667
963,17,032012,0.019
964,17,042012,0.04425
965,17,052012,0.043333333
966,17,062012,0.02675
967,17,072012,0.007583333
968,17,082012,0.037083333
969,17,092012,0.020666667
970,17,102012,0.001166667
971,17,112012,0.01575
972,17,122012,0.000333333
973,17,012013,0.046916667
974,17,022013,0.011
975,17,032013,-0.003916667
976,17,042013,0.047083333
977,17,052013,0.040083333
978,17,062013,0.04975
979,17,072013,0.049166667
980,17,082013,0.03275
981,17,092013,0.0115
982,17,102013,0.006166667
983,17,112013,0.023916667
984,17,122013,-0.001166667
985,17,012014,0.015833333
986,17,022014,-0.0005
987,17,032014,0.01525
988,17,042014,0.04225
989,17,052014,0.045166667
990,17,062014,0.026416667
991,17,072014,0.046916667
992,17,082014,0.039166667
993,17,092014,0.049666667
994,17,102014,0.001916667
995,17,112014,0.0225
996,17,122014,0.040916667
997,17,012015,0.038916667
998,17,022015,0.024583333
999,17,032015,0.005833333
1000,17,042015,0.039166667
1001,17,052015,0.022166667
1002,17,062015,0.0455
1003,17,072015,0.030333333
1004,17,082015,0.010583333
1005,17,092015,0.030166667
1006,17,102015,0.042
1007,17,112015,0.006083333
1008,17,122015,0.033083333
1009,17,012016,0.002
1010,17,022016,0.028083333
1011,17,032016,0.012166667
1012,17,042016,0.03525
1013,17,052016,0.006166667
1014,17,062016,0.044166667
1015,17,072016,0.035666667
1016,17,082016,-0.002166667
1017,17,092016,0.034916667
1018,17,102016,0.030083333
1019,17,112016,0.015666667
1020,17,122016,0.043833333
1021,18,012012,-0.00126
1022,18,022012,0.00084
1023,18,032012,-0.0006
1024,18,042012,-0.00182
1025,18,052012,-0.00134
1026,18,062012,-0.00018
1027,18,072012,-0.00056
1028,18,082012,0.00098
1029,18,092012,0.00056
1030,18,102012,0.0006
1031,18,112012,-0.00074
1032,18,122012,-0.00144
1033,18,012013,0.00098
1034,18,022013,0.00038
1035,18,032013,-0.00142
1036,18,042013,-0.00128
1037,18,052013,-0.00046
1038,18,062013,-0.0017
1039,18,072013,-0.00192
1040,18,082013,-0.00114
1041,18,092013,-0.00038
1042,18,102013,-0.00114
1043,18,112013,-0.00148
1044,18,122013,0.00094
1045,18,012014,-0.0001
1046,18,022014,-0.00052
1047,18,032014,-0.00194
1048,18,042014,-0.0002
1049,18,052014,-0.0019
1050,18,062014,0.00052
1051,18,072014,-0.00162
1052,18,082014,0.00026
1053,18,092014,-0.0019
1054,18,102014,0.00072
1055,18,112014,-0.00184
1056,18,122014,-0.00006
1057,18,012015,-0.00152
1058,18,022015,-0.00114
1059,18,032015,0.00044
1060,18,042015,0.00008
1061,18,052015,-0.0011
1062,18,062015,0.00046
1063,18,072015,-0.00078
1064,18,082015,0.00086
1065,18,092015,-0.00022
1066,18,102015,0.00016
1067,18,112015,0
1068,18,122015,-0.00076
1069,18,012016,-0.00024
1070,18,022016,-0.00162
1071,18,032016,-0.00086
1072,18,042016,-0.00076
1073,18,052016,-0.00134
1074,18,062016,-0.00106
1075,18,072016,0.00032
1076,18,082016,0.00012
1077,18,092016,-0.00056
1078,18,102016,0.00048
1079,18,112016,0.00018
1080,18,122016,0.0003
1081,19,012012,0.003916667
1082,19,022012,0.029916667
1083,19,032012,0.022
1084,19,042012,0.035583333
1085,19,052012,0.001833333
1086,19,062012,0.026333333
1087,19,072012,0.029166667
1088,19,082012,-0.011833333
1089,19,092012,0.028166667
1090,19,102012,0.03425
1091,19,112012,0.0555
1092,19,122012,0.02675
1093,19,012013,0.014
1094,19,022013,0.059333333
1095,19,032013,0.047833333
1096,19,042013,0.026833333
1097,19,052013,0.043833333
1098,19,062013,0.038166667
1099,19,072013,0.040583333
1100,19,082013,0.003166667
1101,19,092013,0.011833333
1102,19,102013,0.03475
1103,19,112013,0.025833333
1104,19,122013,0.020666667
1105,19,012014,0.052333333
1106,19,022014,0.059
1107,19,032014,0.044666667
1108,19,042014,0.046
1109,19,052014,0.005583333
1110,19,062014,0.05625
1111,19,072014,0.019
1112,19,082014,-0.018333333
1113,19,092014,0.011583333
1114,19,102014,-0.005166667
1115,19,112014,0.051916667
1116,19,122014,0.044583333
1117,19,012015,0.013833333
1118,19,022015,0.053
1119,19,032015,-0.019916667
1120,19,042015,0.008833333
1121,19,052015,0.048666667
1122,19,062015,0.0225
1123,19,072015,0.014333333
1124,19,082015,0.0085
1125,19,092015,0.051083333
1126,19,102015,0.021416667
1127,19,112015,0.017833333
1128,19,122015,-0.015583333
1129,19,012016,-0.008
1130,19,022016,-0.002166667
1131,19,032016,-0.014416667
1132,19,042016,0.036
1133,19,052016,0.06225
1134,19,062016,-0.012666667
1135,19,072016,0.02925
1136,19,082016,-0.004333333
1137,19,092016,0.01075
1138,19,102016,0.045416667
1139,19,112016,0.0075
1140,19,122016,-0.01175
1141,20,012012,0.017583333
1142,20,022012,0.090916667
1143,20,032012,0.016416667
1144,20,042012,-0.052916667
1145,20,052012,0.14825
1146,20,062012,0.018
1147,20,072012,0.1035
1148,20,082012,0.045083333
1149,20,092012,-0.057
1150,20,102012,0.026083333
1151,20,112012,0.047666667
1152,20,122012,0.067166667
1153,20,012013,0.116833333
1154,20,022013,-0.077416667
1155,20,032013,-0.04575
1156,20,042013,-0.013083333
1157,20,052013,0.039416667
1158,20,062013,-0.097333333
1159,20,072013,-0.01525
1160,20,082013,0.070916667
1161,20,092013,0.133083333
1162,20,102013,0.13
1163,20,112013,0.093666667
1164,20,122013,-0.088416667
1165,20,012014,0.094166667
1166,20,022014,0.099583333
1167,20,032014,0.076
1168,20,042014,0.0805
1169,20,052014,0.005333333
1170,20,062014,-0.052833333
1171,20,072014,0.04725
1172,20,082014,0.107416667
1173,20,092014,-0.032833333
1174,20,102014,0.142083333
1175,20,112014,0.037083333
1176,20,122014,-0.042666667
1177,20,012015,-0.04825
1178,20,022015,0.0955
1179,20,032015,-0.056833333
1180,20,042015,0.051083333
1181,20,052015,0.01325
1182,20,062015,-0.081333333
1183,20,072015,-0.070916667
1184,20,082015,0.108166667
1185,20,092015,-0.097
1186,20,102015,-0.052833333
1187,20,112015,0.086833333
1188,20,122015,-0.056083333
1189,20,012016,-0.00875
1190,20,022016,0.114166667
1191,20,032016,0.149083333
1192,20,042016,0.107
1193,20,052016,-0.082
1194,20,062016,-0.003833333
1195,20,072016,0.129083333
1196,20,082016,0.040666667
1197,20,092016,-0.061166667
1198,20,102016,0.037333333
1199,20,112016,-0.097333333
1200,20,122016,0.115083333
1201,21,012012,0.0169
1202,21,022012,-0.0324
1203,21,032012,-0.0611
1204,21,042012,0.027
1205,21,052012,0.0128
1206,21,062012,0.0244
1207,21,072012,0.0281
1208,21,082012,0.0604
1209,21,092012,-0.0346
1210,21,102012,0.0168
1211,21,112012,-0.0162
1212,21,122012,0.0369
1213,21,012013,0.0182
1214,21,022013,-0.0151
1215,21,032013,0.0202
1216,21,042013,-0.0033
1217,21,052013,0.0401
1218,21,062013,0.0809
1219,21,072013,-0.0217
1220,21,082013,0.1579
1221,21,092013,0.1286
1222,21,102013,0.0714
1223,21,112013,0.0161
1224,21,122013,0.0592
1225,21,012014,0.0608
1226,21,022014,0.0629
1227,21,032014,0.0842
1228,21,042014,0.0192
1229,21,052014,-0.0048
1230,21,062014,-0.0205
1231,21,072014,0.0231
1232,21,082014,0.0327
1233,21,092014,-0.0149
1234,21,102014,-0.0087
1235,21,112014,0.016
1236,21,122014,-0.0192
1237,21,012015,0.0027
1238,21,022015,0.0216
1239,21,032015,0.0071
1240,21,042015,0.0197
1241,21,052015,0.0606
1242,21,062015,-0.0582
1243,21,072015,0.026
1244,21,082015,0.0024
1245,21,092015,-0.0106
1246,21,102015,0.0266
1247,21,112015,-0.0301
1248,21,122015,-0.0281
1249,21,012016,-0.0006
1250,21,022016,0.0343
1251,21,032016,0.0068
1252,21,042016,-0.009
1253,21,052016,0.0026
1254,21,062016,-0.0294
1255,21,072016,-0.0466
1256,21,082016,0.0226
1257,21,092016,-0.01635
1258,21,102016,-0.055
1259,21,112016,0.0249
1260,21,122016,0.0194
1261,22,012012,-0.005666667
1262,22,022012,0.0035
1263,22,032012,0.011333333
1264,22,042012,-0.002333333
1265,22,052012,0.01025
1266,22,062012,0.00075
1267,22,072012,-0.001666667
1268,22,082012,-0.001416667
1269,22,092012,0.010583333
1270,22,102012,-0.007666667
1271,22,112012,0.010166667
1272,22,122012,0.002666667
1273,22,012013,-0.004916667
1274,22,022013,-0.004333333
1275,22,032013,-0.006833333
1276,22,042013,-0.000666667
1277,22,052013,0.01025
1278,22,062013,0.008583333
1279,22,072013,-0.005666667
1280,22,082013,-0.001
1281,22,092013,0
1282,22,102013,0.008416667
1283,22,112013,0.0115
1284,22,122013,0.009833333
1285,22,012014,-0.00425
1286,22,022014,0.0015
1287,22,032014,0.004083333
1288,22,042014,0.00425
1289,22,052014,-0.001083333
1290,22,062014,0.008666667
1291,22,072014,-0.008333333
1292,22,082014,0.001666667
1293,22,092014,0.004166667
1294,22,102014,0.004833333
1295,22,112014,-0.006333333
1296,22,122014,0.011583333
1297,22,012015,-0.003666667
1298,22,022015,-0.004333333
1299,22,032015,0.009416667
1300,22,042015,0.0025
1301,22,052015,0.009
1302,22,062015,0.006166667
1303,22,072015,-0.001666667
1304,22,082015,0.002916667
1305,22,092015,-0.0035
1306,22,102015,0.011916667
1307,22,112015,0.012416667
1308,22,122015,0.009333333
1309,22,012016,0.004166667
1310,22,022016,0.00375
1311,22,032016,0.011083333
1312,22,042016,-0.006083333
1313,22,052016,0.008583333
1314,22,062016,0.006666667
1315,22,072016,0.001166667
1316,22,082016,-0.003833333
1317,22,092016,0.008
1318,22,102016,0.005
1319,22,112016,-0.006916667
1320,22,122016,0.002583333
1321,23,012012,0.01
1322,23,022012,0.043666667
1323,23,032012,0.0215
1324,23,042012,0.01725
1325,23,052012,0.045166667
1326,23,062012,0.01775
1327,23,072012,0.037333333
1328,23,082012,0.012666667
1329,23,092012,0.015583333
1330,23,102012,0.01875
1331,23,112012,0.009583333
1332,23,122012,0.016083333
1333,23,012013,0.031583333
1334,23,022013,-0.0015
1335,23,032013,0.021
1336,23,042013,0.035833333
1337,23,052013,0.017833333
1338,23,062013,-0.004583333
1339,23,072013,0.00275
1340,23,082013,0.035083333
1341,23,092013,0.006916667
1342,23,102013,0.047833333
1343,23,112013,0.033416667
1344,23,122013,0.00525
1345,23,012014,0.02325
1346,23,022014,0.020166667
1347,23,032014,0.04775
1348,23,042014,0.013416667
1349,23,052014,0.0395
1350,23,062014,-0.008333333
1351,23,072014,-0.005333333
1352,23,082014,0.04175
1353,23,092014,0.037916667
1354,23,102014,0.0415
1355,23,112014,-0.005833333
1356,23,122014,-0.00525
1357,23,012015,0.009166667
1358,23,022015,-0.00825
1359,23,032015,0.002583333
1360,23,042015,0.047
1361,23,052015,0.042083333
1362,23,062015,0.006083333
1363,23,072015,0.0335
1364,23,082015,0.008416667
1365,23,092015,0.010083333
1366,23,102015,0.014416667
1367,23,112015,0.031
1368,23,122015,0.010833333
1369,23,012016,0.048083333
1370,23,022016,0.00175
1371,23,032016,0.011833333
1372,23,042016,0.033833333
1373,23,052016,-0.001666667
1374,23,062016,0.04825
1375,23,072016,0.03325
1376,23,082016,-0.00825
1377,23,092016,-0.0035
1378,23,102016,0.01425
1379,23,112016,0.024
1380,23,122016,0.031333333
1381,24,012012,0.0015
1382,24,022012,0.0244
1383,24,032012,0.0184
1384,24,042012,-0.0063
1385,24,052012,0.0498
1386,24,062012,0.0381
1387,24,072012,0.0332
1388,24,082012,-0.0136
1389,24,092012,0.0231
1390,24,102012,0.0031
1391,24,112012,-0.0008
1392,24,122012,0.0266
1393,24,012013,-0.0205
1394,24,022013,0.0202
1395,24,032013,0.0468
1396,24,042013,0.0508
1397,24,052013,0.0407
1398,24,062013,0.1135
1399,24,072013,-0.0341
1400,24,082013,0.0548
1401,24,092013,0.0612
1402,24,102013,0.0646
1403,24,112013,0.042
1404,24,122013,0.0408
1405,24,012014,0.0082
1406,24,022014,0.0104
1407,24,032014,0.0038
1408,24,042014,0.0207
1409,24,052014,0.0141
1410,24,062014,0.0132
1411,24,072014,-0.0136
1412,24,082014,0.0158
1413,24,092014,0.0061
1414,24,102014,0.0264
1415,24,112014,0.0302
1416,24,122014,0.0147
1417,24,012015,-0.0086
1418,24,022015,0.036
1419,24,032015,0.0651
1420,24,042015,-0.0447
1421,24,052015,0.0097
1422,24,062015,-0.0229
1423,24,072015,0.0003
1424,24,082015,0.0143
1425,24,092015,0.0176
1426,24,102015,-0.0011
1427,24,112015,-0.0178
1428,24,122015,-0.0412
1429,24,012016,0.011
1430,24,022016,-0.0288
1431,24,032016,-0.0018
1432,24,042016,-0.0347
1433,24,052016,-0.0816
1434,24,062016,-0.0151
1435,24,072016,-0.0488
1436,24,082016,0.0179
1437,24,092016,0.00975
1438,24,102016,0.0261
1439,24,112016,0.0392
1440,24,122016,0.0065
1441,25,012012,0.0434
1442,25,022012,0.0123
1443,25,032012,0.0085
1444,25,042012,0.0118
1445,25,052012,-0.0043
1446,25,062012,0.0352
1447,25,072012,0.0934
1448,25,082012,-0.0656
1449,25,092012,-0.0077
1450,25,102012,-0.018
1451,25,112012,-0.0041
1452,25,122012,0.0339
1453,25,012013,0.0161
1454,25,022013,0.0115
1455,25,032013,-0.0269
1456,25,042013,0.0106
1457,25,052013,-0.0273
1458,25,062013,-0.0185
1459,25,072013,-0.0457
1460,25,082013,0.0009
1461,25,092013,0.0139
1462,25,102013,-0.0499
1463,25,112013,-0.0257
1464,25,122013,-0.0051
1465,25,012014,0.0741
1466,25,022014,0.0619
1467,25,032014,-0.0352
1468,25,042014,0.0247
1469,25,052014,0.0149
1470,25,062014,0.056
1471,25,072014,-0.0472
1472,25,082014,0.0552
1473,25,092014,0.057
1474,25,102014,-0.0441
1475,25,112014,-0.0083
1476,25,122014,0.0873
1477,25,012015,0.044
1478,25,022015,-0.1728
1479,25,032015,-0.0324
1480,25,042015,0.0657
1481,25,052015,-0.0057
1482,25,062015,0.0672
1483,25,072015,0.0477
1484,25,082015,-0.009
1485,25,092015,0.06
1486,25,102015,0.0328
1487,25,112015,0.0127
1488,25,122015,-0.0368
1489,25,012016,0.0138
1490,25,022016,-0.0256
1491,25,032016,-0.0165
1492,25,042016,0.0015
1493,25,052016,-0.1077
1494,25,062016,-0.1092
1495,25,072016,0.0467
1496,25,082016,-0.0188
1497,25,092016,-0.0168
1498,25,102016,0.0358
1499,25,112016,0.0082
1500,25,122016,-0.0039
1501,26,012012,0.122666667
1502,26,022012,0.034916667
1503,26,032012,-0.030916667
1504,26,042012,0.058916667
1505,26,052012,-0.027333333
1506,26,062012,0.019916667
1507,26,072012,0.032416667
1508,26,082012,0.17825
1509,26,092012,0.129916667
1510,26,102012,0.132083333
1511,26,112012,0.1645
1512,26,122012,-0.081583333
1513,26,012013,0.126416667
1514,26,022013,-0.006333333
1515,26,032013,0.073666667
1516,26,042013,0.029583333
1517,26,052013,-0.043833333
1518,26,062013,-0.016833333
1519,26,072013,0.137166667
1520,26,082013,0.0035
1521,26,092013,0.1615
1522,26,102013,0.017583333
1523,26,112013,-0.053833333
1524,26,122013,0.137666667
1525,26,012014,0.0595
1526,26,022014,-0.01775
1527,26,032014,0.1035
1528,26,042014,0.182333333
1529,26,052014,-0.026083333
1530,26,062014,-0.045916667
1531,26,072014,0.199333333
1532,26,082014,0.203
1533,26,092014,0.2215
1534,26,102014,0.140583333
1535,26,112014,-0.0745
1536,26,122014,0.12075
1537,26,012015,0.161833333
1538,26,022015,-0.030916667
1539,26,032015,-0.058916667
1540,26,042015,0.021083333
1541,26,052015,0.088416667
1542,26,062015,0.134166667
1543,26,072015,0.013083333
1544,26,082015,0.11175
1545,26,092015,0.214916667
1546,26,102015,0.089
1547,26,112015,0.088
1548,26,122015,0.051333333
1549,26,012016,-0.02675
1550,26,022016,-0.067083333
1551,26,032016,0.22475
1552,26,042016,-0.05975
1553,26,052016,-0.058416667
1554,26,062016,0.20625
1555,26,072016,0.030083333
1556,26,082016,0.197083333
1557,26,092016,0.186833333
1558,26,102016,0.091166667
1559,26,112016,0.1165
1560,26,122016,0.209333333
1561,27,012012,-0.025666667
1562,27,022012,-0.108833333
1563,27,032012,0.405166667
1564,27,042012,-0.135416667
1565,27,052012,0.23
1566,27,062012,-0.125416667
1567,27,072012,0.322583333
1568,27,082012,0.101666667
1569,27,092012,0.40075
1570,27,102012,-0.130333333
1571,27,112012,0.192333333
1572,27,122012,0.1315
1573,27,012013,0.096333333
1574,27,022013,0.307916667
1575,27,032013,0.122833333
1576,27,042013,-0.1315
1577,27,052013,0.294833333
1578,27,062013,0.146166667
1579,27,072013,0.380083333
1580,27,082013,0.353416667
1581,27,092013,0.01325
1582,27,102013,-0.130916667
1583,27,112013,0.372583333
1584,27,122013,-0.017666667
1585,27,012014,0.031416667
1586,27,022014,0.19375
1587,27,032014,0.01125
1588,27,042014,0.272416667
1589,27,052014,-0.16125
1590,27,062014,0.35525
1591,27,072014,0.400583333
1592,27,082014,0.156
1593,27,092014,0.068916667
1594,27,102014,0.395666667
1595,27,112014,-0.005166667
1596,27,122014,0.004333333
1597,27,012015,0.176583333
1598,27,022015,0.357583333
1599,27,032015,0.15225
1600,27,042015,0.406416667
1601,27,052015,0.355166667
1602,27,062015,-0.0415
1603,27,072015,0.236
1604,27,082015,-0.15425
1605,27,092015,0.0035
1606,27,102015,0.272833333
1607,27,112015,-0.088166667
1608,27,122015,0.374
1609,27,012016,-0.063166667
1610,27,022016,0.028916667
1611,27,032016,0.114583333
1612,27,042016,-0.198666667
1613,27,052016,0.030833333
1614,27,062016,-0.05125
1615,27,072016,-0.181666667
1616,27,082016,0.052666667
1617,27,092016,0.153666667
1618,27,102016,0.17825
1619,27,112016,0.32325
1620,27,122016,-0.186583333
1621,28,012012,0.278333333
1622,28,022012,-0.151333333
1623,28,032012,-0.082
1624,28,042012,-0.093916667
1625,28,052012,0.131916667
1626,28,062012,0.214333333
1627,28,072012,0.282
1628,28,082012,0.30125
1629,28,092012,-0.154166667
1630,28,102012,0.098166667
1631,28,112012,0.058583333
1632,28,122012,-0.11325
1633,28,012013,-0.15875
1634,28,022013,0.15575
1635,28,032013,-0.109416667
1636,28,042013,0.195916667
1637,28,052013,0.315083333
1638,28,062013,0.3205
1639,28,072013,0.127916667
1640,28,082013,0.17525
1641,28,092013,0.326083333
1642,28,102013,0.26025
1643,28,112013,0.245166667
1644,28,122013,-0.012583333
1645,28,012014,0.302666667
1646,28,022014,0.333416667
1647,28,032014,0.137583333
1648,28,042014,-0.06175
1649,28,052014,0.34075
1650,28,062014,0.011916667
1651,28,072014,0.0325
1652,28,082014,0.28825
1653,28,092014,-0.078916667
1654,28,102014,0.245083333
1655,28,112014,-0.05275
1656,28,122014,-0.05475
1657,28,012015,0.057083333
1658,28,022015,0.346333333
1659,28,032015,0.1245
1660,28,042015,0.312083333
1661,28,052015,0.147833333
1662,28,062015,0.12975
1663,28,072015,0.056
1664,28,082015,-0.025083333
1665,28,092015,0.144
1666,28,102015,0.114666667
1667,28,112015,-0.141333333
1668,28,122015,0.218916667
1669,28,012016,0.003416667
1670,28,022016,0.233083333
1671,28,032016,-0.038166667
1672,28,042016,0.340833333
1673,28,052016,0.218333333
1674,28,062016,0.23575
1675,28,072016,-0.07025
1676,28,082016,-0.0505
1677,28,092016,-0.113416667
1678,28,102016,-0.123333333
1679,28,112016,0.320166667
1680,28,122016,-0.072333333
1681,29,012012,-0.096916667
1682,29,022012,-0.351166667
1683,29,032012,-0.367666667
1684,29,042012,0.408833333
1685,29,052012,0.362166667
1686,29,062012,0.32425
1687,29,072012,0.171916667
1688,29,082012,0.056583333
1689,29,092012,0.044666667
1690,29,102012,-0.334416667
1691,29,112012,-0.171083333
1692,29,122012,-0.388916667
1693,29,012013,0.096166667
1694,29,022013,-0.232583333
1695,29,032013,0.005583333
1696,29,042013,-0.286083333
1697,29,052013,0.05875
1698,29,062013,0.230166667
1699,29,072013,-0.23775
1700,29,082013,0.247666667
1701,29,092013,0.2585
1702,29,102013,0.05675
1703,29,112013,-0.1465
1704,29,122013,-0.349666667
1705,29,012014,-0.365083333
1706,29,022014,0.234333333
1707,29,032014,-0.252666667
1708,29,042014,-0.22375
1709,29,052014,0.368916667
1710,29,062014,-0.15475
1711,29,072014,0.011583333
1712,29,082014,0.178
1713,29,092014,-0.221666667
1714,29,102014,-0.121
1715,29,112014,-0.1335
1716,29,122014,0.312
1717,29,012015,0.015166667
1718,29,022015,0.372
1719,29,032015,-0.321083333
1720,29,042015,0.021416667
1721,29,052015,0.01125
1722,29,062015,-0.283083333
1723,29,072015,0.167833333
1724,29,082015,-0.323833333
1725,29,092015,-0.338166667
1726,29,102015,-0.351583333
1727,29,112015,-0.27475
1728,29,122015,-0.11225
1729,29,012016,-0.379416667
1730,29,022016,0.140166667
1731,29,032016,-0.354833333
1732,29,042016,0.203833333
1733,29,052016,0.326416667
1734,29,062016,0.227666667
1735,29,072016,0.300333333
1736,29,082016,0.324
1737,29,092016,0.13
1738,29,102016,0.4085
1739,29,112016,-0.011
1740,29,122016,-0.001916667
1741,30,012012,0.225166667
1742,30,022012,0.120333333
1743,30,032012,0.0925
1744,30,042012,-0.002416667
1745,30,052012,0.137166667
1746,30,062012,0.204833333
1747,30,072012,0.313916667
1748,30,082012,-0.0965
1749,30,092012,0.045166667
1750,30,102012,0.12175
1751,30,112012,-0.06975
1752,30,122012,0.205083333
1753,30,012013,0.07725
1754,30,022013,-0.180083333
1755,30,032013,0.284416667
1756,30,042013,-0.17075
1757,30,052013,0.128833333
1758,30,062013,-0.095083333
1759,30,072013,0.209916667
1760,30,082013,0.239833333
1761,30,092013,0.136833333
1762,30,102013,0.12725
1763,30,112013,0.289583333
1764,30,122013,-0.20275
1765,30,012014,0.178666667
1766,30,022014,-0.1715
1767,30,032014,0.146166667
1768,30,042014,-0.035
1769,30,052014,-0.119
1770,30,062014,0.20625
1771,30,072014,-0.07625
1772,30,082014,0.235166667
1773,30,092014,0.176583333
1774,30,102014,0.0465
1775,30,112014,-0.037166667
1776,30,122014,-0.0955
1777,30,012015,0.2775
1778,30,022015,0.014166667
1779,30,032015,0.08325
1780,30,042015,0.018583333
1781,30,052015,0.09625
1782,30,062015,-0.189083333
1783,30,072015,0.22075
1784,30,082015,0.127416667
1785,30,092015,-0.191
1786,30,102015,0.092583333
1787,30,112015,-0.109083333
1788,30,122015,-0.087083333
1789,30,012016,0.16725
1790,30,022016,0.219083333
1791,30,032016,0.173083333
1792,30,042016,0.214166667
1793,30,052016,-0.175666667
1794,30,062016,-0.111666667
1795,30,072016,0.249416667
1796,30,082016,-0.048666667
1797,30,092016,-0.159083333
1798,30,102016,0.235416667
1799,30,112016,0.323583333
1800,30,122016,0.1335
1801,31,012012,0.0433
1802,31,022012,0.0325
1803,31,032012,-0.0178
1804,31,042012,-0.032
1805,31,052012,0.0129
1806,31,062012,0.0358
1807,31,072012,0.0148
1808,31,082012,-0.0441
1809,31,092012,-0.0086
1810,31,102012,-0.0612
1811,31,112012,-0.0348
1812,31,122012,-0.0059
1813,31,012013,0.0476
1814,31,022013,0.0106
1815,31,032013,-0.0859
1816,31,042013,-0.0099
1817,31,052013,0.0122
1818,31,062013,-0.0908
1819,31,072013,-0.1694
1820,31,082013,-0.0748
1821,31,092013,0.0078
1822,31,102013,-0.0857
1823,31,112013,-0.1099
1824,31,122013,0.0854
1825,31,012014,0.0939
1826,31,022014,0.0176
1827,31,032014,0.002
1828,31,042014,0.0741
1829,31,052014,0.0336
1830,31,062014,0.0357
1831,31,072014,-0.0198
1832,31,082014,0.0574
1833,31,092014,0.0178
1834,31,102014,-0.037
1835,31,112014,0.0285
1836,31,122014,0.0587
1837,31,012015,0.0148
1838,31,022015,-0.082
1839,31,032015,-0.0539
1840,31,042015,0.0688
1841,31,052015,-0.0475
1842,31,062015,0.0876
1843,31,072015,0.0369
1844,31,082015,-0.0023
1845,31,092015,0.0653
1846,31,102015,0.0226
1847,31,112015,0.032
1848,31,122015,-0.0011
1849,31,012016,0.0285
1850,31,022016,-0.0113
1851,31,032016,-0.0167
1852,31,042016,-0.0203
1853,31,052016,-0.0553
1854,31,062016,-0.0703
1855,31,072016,0.1077
1856,31,082016,-0.0051
1857,31,092016,0.0085
1858,31,102016,0.0436
1859,31,112016,0.0406
1860,31,122016,0.0313
1861,32,012012,0.0059
1862,32,022012,-0.0092
1863,32,032012,-0.0037
1864,32,042012,0.0107
1865,32,052012,0.0127
1866,32,062012,0.0063
1867,32,072012,0.0101
1868,32,082012,0.018
1869,32,092012,-0.0041
1870,32,102012,0.0231
1871,32,112012,-0.0055
1872,32,122012,-0.0025
1873,32,012013,-0.0008
1874,32,022013,-0.0126
1875,32,032013,-0.0134
1876,32,042013,0.0039
1877,32,052013,0.0074
1878,32,062013,-0.0214
1879,32,072013,-0.0229
1880,32,082013,0.0303
1881,32,092013,0.0666
1882,32,102013,-0.0234
1883,32,112013,-0.0105
1884,32,122013,0.0111
1885,32,012014,0.0051
1886,32,022014,0.0261
1887,32,032014,0.0042
1888,32,042014,0.0127
1889,32,052014,0.0122
1890,32,062014,0.0119
1891,32,072014,0.0022
1892,32,082014,0.0097
1893,32,092014,-0.0188
1894,32,102014,0.0141
1895,32,112014,-0.0011
1896,32,122014,-0.0032
1897,32,012015,0.0066
1898,32,022015,0.0078
1899,32,032015,0.0146
1900,32,042015,0.0056
1901,32,052015,0.0101
1902,32,062015,-0.0027
1903,32,072015,-0.0009
1904,32,082015,-0.0109
1905,32,092015,-0.0151
1906,32,102015,-0.0009
1907,32,112015,-0.0001
1908,32,122015,-0.0049
1909,32,012016,0.0127
1910,32,022016,0.0124
1911,32,032016,-0.0045
1912,32,042016,0.0169
1913,32,052016,0.0152
1914,32,062016,0.0077
1915,32,072016,-0.0007
1916,32,082016,-0.0059
1917,32,092016,0.0087
1918,32,102016,0.0073
1919,32,112016,-0.0001
1920,32,122016,-0.0082
